{
  "numParticleTypes": 6,
  "radius": 90.9,
  "delta_t": 0.22,
  "friction": 0.71,
  "repulsion": 162.7,
  "attraction": 0.97,
  "k": 27.93,
  "forceRange": 0.33,
  "forceBias": -0.185,
  "ratio": 0,
  "lfoA": 0,
  "lfoS": 0.1,
  "forceMultiplier": 2.33,
  "balance": 0.79,
  "forceOffset": 0.79,
  "rawForceTableValues": [
    -0.6040946841239929,
    -0.9180708527565002,
    -0.061465442180633545,
    -0.8597041368484497,
    0.420455664396286,
    -0.4819200336933136,
    -0.13611969351768494,
    0.7651116251945496,
    -0.601071834564209,
    0.18813017010688782,
    0.9824119210243225,
    -0.03882881999015808,
    -0.7993358373641968,
    0.7686597108840942,
    0.7850008010864258,
    0.26591601967811584,
    -0.2290038764476776,
    -0.12945063412189484,
    -0.6316813826560974,
    0.02536124363541603,
    0.18118983507156372,
    0.021348854526877403,
    -0.35547226667404175,
    -0.07232960313558578,
    0.34803712368011475,
    -0.612673282623291,
    0.02967122010886669,
    -0.260802298784256,
    0.9839420914649963,
    0.40599682927131653,
    0.5934649705886841,
    -0.4222666621208191,
    0.16382886469364166,
    -0.16825135052204132,
    -0.8161561489105225,
    0.3445872962474823
  ],
  "radioByType": [
    0.9110484719276428,
    -0.5231653451919556,
    -0.024097273126244545,
    -0.5593811273574829,
    0.20976373553276062,
    -0.8218165040016174
  ]
}