{
  "numParticleTypes": 6,
  "radius": 50,
  "delta_t": 0.22,
  "friction": 0.71,
  "repulsion": 50,
  "attraction": 1.19,
  "k": 16.57,
  "forceRange": 0.28,
  "forceBias": -0.2,
  "ratio": 0,
  "lfoA": 0,
  "lfoS": 0.1,
  "forceMultiplier": 2.33,
  "balance": 0.79,
  "forceOffset": 1,
  "rawForceTableValues": [
    0.557784914970398,
    -0.3926108479499817,
    -0.5465183854103088,
    0.9547823667526245,
    -0.8463037610054016,
    0.7633240222930908,
    0.4359017014503479,
    0.22356100380420685,
    -0.0550033263862133,
    -0.9530026912689209,
    -0.49074262380599976,
    -0.363634318113327,
    0.2842327952384949,
    0.44274717569351196,
    0.924119234085083,
    -0.9792866110801697,
    0.09030139446258545,
    0.4128873944282532,
    0.16827313601970673,
    -0.07944122701883316,
    0.3604908585548401,
    0.5118567943572998,
    0.7908555269241333,
    0.30298912525177,
    -0.7907964587211609,
    0.7556222081184387,
    -0.04204070568084717,
    -0.1099722608923912,
    0.48302119970321655,
    -0.38040363788604736,
    0.1086350679397583,
    -0.3604460656642914,
    0.6742753982543945,
    0.038747306913137436,
    -0.5688914060592651,
    -0.4997272491455078
  ],
  "radioByType": [
    -0.0012805378064513206,
    0.00006788955943193287,
    -0.32452592253685,
    0.39152154326438904,
    -0.29618650674819946,
    0.4584518373012543
  ]
}