{
  "numParticleTypes": 6,
  "radius": 83.3,
  "delta_t": 0.22,
  "friction": 0.71,
  "repulsion": 50,
  "attraction": 0.94,
  "k": 17.36,
  "forceRange": 0.31,
  "forceBias": -0.105,
  "ratio": 0,
  "lfoA": -0.03,
  "lfoS": 0.1,
  "forceMultiplier": 3.2,
  "balance": 0.74,
  "forceOffset": 0.63,
  "rawForceTableValues": [
    0.6932706832885742,
    -0.15836235880851746,
    -0.8609150052070618,
    0.6457063555717468,
    -0.35534271597862244,
    0.11176444590091705,
    0.9819698929786682,
    0.5985140204429626,
    0.17499485611915588,
    -0.31171345710754395,
    -0.8652809262275696,
    0.038550328463315964,
    -0.6761305332183838,
    0.24614392220973969,
    0.23745326697826385,
    0.38478726148605347,
    0.004620715510100126,
    -0.898725688457489,
    0.17943313717842102,
    -0.8223487138748169,
    -0.4197574257850647,
    -0.7506105303764343,
    -0.11627169698476791,
    -0.33504098653793335,
    -0.33346450328826904,
    0.16177977621555328,
    -0.3435409963130951,
    -0.0690808966755867,
    -0.5633478164672852,
    0.1930529773235321,
    0.39363816380500793,
    -0.21943943202495575,
    0.9757116436958313,
    0.7104092240333557,
    -0.16426174342632294,
    -0.8586440682411194
  ],
  "radioByType": [
    -0.4787439703941345,
    -0.8167187571525574,
    -0.14020580053329468,
    0.31950947642326355,
    0.8067505955696106,
    -0.7278779745101929
  ]
}