{
  "numParticleTypes": 6,
  "radius": 90.9,
  "delta_t": 0.22,
  "friction": 0.71,
  "repulsion": 158.5,
  "attraction": 1.26,
  "k": 29.7,
  "forceRange": 0.25,
  "forceBias": -0.155,
  "ratio": -0.18,
  "lfoA": 0,
  "lfoS": 0.1,
  "forceMultiplier": 3.98,
  "balance": 1.39,
  "forceOffset": 0.75,
  "rawForceTableValues": [
    0.5759664177894592,
    0.2397034913301468,
    0.32280680537223816,
    0.38586699962615967,
    0.11155595630407333,
    0.432808518409729,
    0.3308233320713043,
    0.9034867286682129,
    -0.6048122644424438,
    -0.794826090335846,
    -0.4254275858402252,
    0.5292547941207886,
    -0.6784117817878723,
    -0.2913869023323059,
    0.04945658519864082,
    0.7248320579528809,
    -0.8351539969444275,
    0.9475429654121399,
    0.8793826103210449,
    -0.8289530277252197,
    -0.4214087426662445,
    0.939685046672821,
    0.5911158323287964,
    0.685936450958252,
    -0.9788074493408203,
    -0.6344685554504395,
    -0.24333517253398895,
    -0.6806811094284058,
    -0.8787545561790466,
    0.997856080532074,
    -0.5841251015663147,
    0.6794795989990234,
    0.9118051528930664,
    -0.6097936630249023,
    -0.2922733724117279,
    -0.0365438312292099
  ],
  "radioByType": [
    0.429105669260025,
    -0.052112411707639694,
    0.02637035772204399,
    0.29380473494529724,
    -0.6951966285705566,
    -0.755480170249939
  ]
}