{
  "numParticleTypes": 6,
  "radius": 51.6,
  "delta_t": 0.2,
  "friction": 0.43,
  "repulsion": 112.2,
  "attraction": 3.39,
  "k": 13.2,
  "forceRange": 0.56,
  "forceBias": -0.155,
  "ratio": -0.21,
  "lfoA": 0.17,
  "lfoS": 0.1,
  "forceMultiplier": 4.25,
  "balance": 1.44,
  "forceOffset": 0.34,
  "rawForceTableValues": [
    0.7361405491828918,
    -0.47660204768180847,
    -0.5973640084266663,
    0.10534286499023438,
    0.9897351861000061,
    -0.347544401884079,
    0.4664194881916046,
    0.6108031868934631,
    -0.4419516921043396,
    0.49122029542922974,
    -0.6576555371284485,
    0.541232168674469,
    0.6091590523719788,
    -0.5027140974998474,
    -0.9523782730102539,
    0.950208842754364,
    -0.23372873663902283,
    0.8525224924087524,
    -0.12559941411018372,
    0.7329204678535461,
    -0.6375133395195007,
    0.720698356628418,
    -0.06352221220731735,
    0.6049009561538696,
    -0.7677763104438782,
    -0.9867678284645081,
    0.6447586417198181,
    0.4386967122554779,
    0.28962844610214233,
    -0.08662834018468857,
    -0.9029489159584045,
    0.8561094999313354,
    0.91513991355896,
    0.677423894405365,
    -0.8148002028465271,
    -0.5734603404998779
  ],
  "radioByType": [
    -0.030321426689624786,
    0.5191222429275513,
    0.1994207203388214,
    -0.6361569166183472,
    0.17438867688179016,
    0.8868916630744934
  ]
}